season,team,player,position,school,affiliation,pick,generation_adidas
2012,Chicago Fire,Austin Berry,Defender,University of Louisville,Chicago Fire Premier,9,0
2012,Chicago Fire,Lucky Mkosana,Forward,Dartmouth College,Michigan Bucks,23,0
2012,Chicago Fire,Hunter Jumper,Defender,University of Virginia,None,28,0
2012,Chivas USA,Casey Townsend,Forward,University of Maryland,None,5,0
2012,Colorado Rapids,Tony Cascio,Midfielder,University of Connecticut,None,14,0
2012,Columbus Crew SC,Ethan Finlay,Midfielder,Creighton University,Chicago Fire Premier,10,0
2012,Columbus Crew SC,Aubrey Perry,Defender,University of South Florida,None,26,0
2012,Columbus Crew SC,Kevan George,Midfielder,University of Central Florida,None,29,0
2012,D.C. United,Nick DeLeon,Midfielder,University of Louisville,Arizona Sahuaros,7,0
2012,FC Dallas,Matt Hedges,Defender,University of North Carolina-Chapel Hill,Reading United AC,11,0
2012,Houston Dynamo,Colin Rolfe,Forward,University of Louisville,None,18,0
2012,Houston Dynamo,Warren Creavalle,Midfielder,University of Central Florida,Carolina Dynamo,37,0
2012,Los Angeles Galaxy,Tommy Meyer,Defender,Indiana University,Chicago Fire Premier,19,0
2012,Los Angeles Galaxy,Kenney Walker,Midfielder,University of Louisville,Chicago Fire Premier,38,0
2012,Montreal Impact,Andrew Wenger,Forward,Duke University,None,1,1
2012,Montreal Impact,Calum Mallace,Midfielder,Marquette University,Chicago Fire Premier,20,0
2012,New England Revolution,Kelyn Rowe,Midfielder,UCLA,Washington Crossfire,3,1
2012,New England Revolution,Tyler Polak,Defender,Creighton University,Chicago Fire Premier,22,1
2012,New York Red Bulls,Ryan Meara,Goalkeeper,Fordham University,Jersey Express,31,0
2012,Philadelphia Union,Chandler Hoffman,Forward,UCLA,Orange County Blue Star,13,1
2012,Philadelphia Union,Greg Jordan,Midfielder,Creighton University,None,32,0
2012,Philadelphia Union,Raymon Gaddis,Defender,West Virginia University,Reading United,35,0
2012,Portland Timbers,Andrew Jean-Baptiste,Defender,University of Connecticut,None,8,1
2012,Portland Timbers,Brendan King,Midfielder,University of Notre Dame,Chicago Fire Premier,27,0
2012,Real Salt Lake,Enzo Martinez,Midfielder,University of North Carolina-Chapel Hill,None,17,1
2012,Real Salt Lake,Diogo de Almeida,Defender,Southern Methodist University,None,24,0
2012,Real Salt Lake,Sebastian Velasquez,Midfielder,Spartanburg Methodist College,None,36,0
2012,San Jose Earthquakes,Sam Garza,Forward,UC Santa Barbara,None,6,1
2012,San Jose Earthquakes,Jacob Hustedt,Midfielder,University of Washington,Ventura County Fusion,25,0
2012,San Jose Earthquakes,Chris Blais,Goalkeeper,University of South Florida,None,33,0
2012,Seattle Sounders FC,Andrew Duran,Defender,Creighton University,Des Moines Menace,15,0
2012,Seattle Sounders FC,Babayele Sodade,Forward,University of Alabama-Birmingham,Michigan Bucks,34,0
2012,Sporting Kansas City,Dominic Dwyer,Forward,University of South Florida,None,16,1
2012,Sporting Kansas City,Cyprian Hedrick,Defender,Coastal Carolina University,Fresno Fuego,30,0
2012,Toronto FC,Luis Silva,Midfielder,UC Santa Barbara,Orange County Blue Star,4,0
2012,Toronto FC,Aaron Maund,Defender,University of Notre Dame,Indiana Invaders,12,0
2012,Vancouver Whitecaps FC,Darren Mattocks,Forward,University of Akron,None,2,1
2012,Vancouver Whitecaps FC,Chris Estridge,Defender,Indiana University,Chicago Fire Premier,21,0
2014,Chicago Fire,Marco Franco,Defender,UC Irvine,OC Blues Strikers FC,13,0
2014,Chicago Fire,Zach Bolden,Midfielder,Denver,None,61,0
2014,Chicago Fire,Kadeem Dacres,Forward,UMBC,Reading United,65,0
2014,Chicago Fire,Bryan Ciesiulka,Midfielder,Marquette,Chicago Fire Premier,75,0
2014,Chivas USA,Thomas McNamara,Midfielder,Clemson,Jersey Express,20,0
2014,Chivas USA,Kris Tyrpak,Forward,Houston Baptist,Austin Aztex,40,0
2014,Chivas USA,Michael Nwiloh,Defender,Georgia State,None,59,0
2014,Colorado Rapids,Marlon Hairston,Midfielder,Louisville,None,12,1
2014,Colorado Rapids,Grant Van De Casteele,Defender,Notre Dame,None,19,0
2014,Colorado Rapids,Jared Watts,Midfielder,Wake Forest,None,33,0
2014,Colorado Rapids,John Berner,Goalkeeper,SIU-Edwardsville,St. Louis Lions,35,0
2014,Colorado Rapids,Tolani Ibikunle,Defender,Wake Forest,Reading United,49,0
2014,Colorado Rapids,Albert Edward,Defender,Lindsey Wilson College,Des Moines Menace,68,0
2014,Columbus Crew SC,Ben Sweat,Defender,USF,Reading United,14,0
2014,Columbus Crew SC,Fifi Baiden,Midfielder,UC Santa Barbara,None,42,0
2014,Columbus Crew SC,Adam Bedell,Forward,Detroit-Mercy,Detroit City FC,45,0
2014,D.C. United,Steve Birnbaum,Defender,California,Orange County Blue Star,2,0
2014,D.C. United,Victor Munoz,Midfielder,UCLA,OC Blues Strikers FC,29,0
2014,D.C. United,Zach Barnes,Midfielder,Creighton,Portland Timbers U23,56,0
2014,D.C. United,Travis Golden,Defender,Campbell,Austin Aztex,69,0
2014,FC Dallas,Tesho Akindele,Forward,Colorado School of Mines,Real Colorado Foxes,6,0
2014,FC Dallas,Nick Walker,Defender,Fairleigh Dickinson,Michigan Bucks,43,0
2014,FC Dallas,Ronny Santos Mendoza,Defender,Manta FC,None,62,0
2014,Houston Dynamo,A.J. Cochran,Defender,Wisconsin,K-W United FC,16,1
2014,Houston Dynamo,Mark Sherrod,Forward,Memphis,Portland Timbers U23s,32,0
2014,Houston Dynamo,Michael Lisch,Goalkeeper,New Mexico,Austin Aztex,54,0
2014,Los Angeles Galaxy,Kyle Venter,Defender,New Mexico,Real Colorado Foxes,23,0
2014,Los Angeles Galaxy,PASS,,,,72,0
2014,Montreal Impact,Eric Miller,Defender,Creighton,Portland Timbers U23s,5,1
2014,Montreal Impact,George Malki,Midfielder,Cal Poly,None,37,0
2014,Montreal Impact,Pete Caringi,Forward,UMBC,Baltimore Bohemians,48,0
2014,Montreal Impact,Jordan Ongaro,Forward,San Diego State,None,67,0
2014,New England Revolution,Steve Neumann,Forward,Georgetown,Reading United,4,0
2014,New England Revolution,Patrick Mullins,Forward,Maryland,New Orleans Jesters,11,0
2014,New England Revolution,Alec Sundly,Midfielder,California,Orange County Blue Star,31,0
2014,New England Revolution,Pierre Omanga,Forward,SNHU,GPS Portland Phoenix,50,0
2014,New York Red Bulls,Chris Duvall,Defender,Wake Forest,None,22,0
2014,New York Red Bulls,Eric Stevenson,Midfielder,Akron,Seattle Sounders FC U-23,34,0
2014,Philadelphia Union,Andre Blake,Goalkeeper,Connecticut,None,1,1
2014,Philadelphia Union,Pedro Ribeiro,Midfielder,Coastal Carolina,Reading United,15,0
2014,Philadelphia Union,Kevin Cope,Defender,Michigan State,Michigan Bucks,25,0
2014,Philadelphia Union,Robbie Derschang,Defender,Akron,Austin Aztex,27,0
2014,Philadelphia Union,Richie Marquez,Defender,Redlands,None,44,0
2014,Philadelphia Union,Alex Sweetin,Midfielder,St. Louis,None,46,0
2014,Philadelphia Union,Aodhan Quinn,Midfielder,Akron,Seattle Sounders FC U-23,52,0
2014,Philadelphia Union,Luca Gimenez,Midfielder,Wake Forest,None,63,0
2014,Portland Timbers,Schillo Tshuma,Forward,Maryland,None,17,1
2014,Portland Timbers,Taylor Peay,Defender,Washington,North Sound SeaWolves,26,0
2014,Portland Timbers,Aaron Long,Midfielder,UC Riverside,FC Tucson,36,0
2014,Portland Timbers,George Fochive,Midfielder,Connecticut,Real Maryland,39,0
2014,Portland Timbers,Victor Chavez,Forward,UCLA,Ventura County Fusion,71,0
2014,Portland Timbers,Nikita Kotlov,Midfielder,Indiana,None,73,0
2014,Real Salt Lake,Ryan Neil,Defender,California,None,18,0
2014,Real Salt Lake,Joey Dillon,Midfielder,Georgetown,Michigan Bucks,53,0
2014,Real Salt Lake,Daniel Jackson,Forward,Coker College,D.C. United U-23,70,0
2014,San Jose Earthquakes,J.J. Koval,Midfielder,Stanford,Ventura County Fusion,9,0
2014,San Jose Earthquakes,Joe Sofia,Defender,UCLA,Ventura County Fusion,28,0
2014,San Jose Earthquakes,A.J. Corrado,Midfielder,Indiana,None,47,0
2014,San Jose Earthquakes,Devante Dubose,Defender,Virginia Tech,Midland/Odessa Sockers,66,0
2014,San Jose Earthquakes,Billy Knutsen,Goalkeeper,American,None,74,0
2014,Seattle Sounders FC,Damion Lowe,Defender,Hartford,Reading United,8,1
2014,Seattle Sounders FC,Jimmy Ockford,Defender,Louisville,Reading United,21,0
2014,Seattle Sounders FC,Stefano Rijssel,Forward,W Connection,None,55,0
2014,Seattle Sounders FC,Fabio Pereira,Midfielder,Michigan,None,77,0
2014,Sporting Kansas City,Adnan Gabeljic,Forward,St. Louis,None,38,0
2014,Sporting Kansas City,Peter Schmetz,Midfielder,UC Santa Barbara,Ventura County Fusion,41,0
2014,Sporting Kansas City,Alex Martinez,Midfielder,NC State,Carolina Dynamo,57,0
2014,Sporting Kansas City,Reinaldo Brenes,Forward,Akron,Portland Timbers U23s,76,0
2014,Toronto FC,Nick Hagglund,Defender,Xavier,None,10,0
2014,Toronto FC,Daniel Lovitz,Midfielder,Elon,Carolina Dynamo,24,0
2014,Toronto FC,Kene Eze,Forward,Rutgers,None,60,0
2014,Vancouver Whitecaps FC,Christian Dean,Defender,California,None,3,1
2014,Vancouver Whitecaps FC,Andre Lewis,Midfielder,Portmore United,None,7,0
2014,Vancouver Whitecaps FC,Mamadou Diouf,Forward,Connecticut,None,30,0
2014,Vancouver Whitecaps FC,Michael Kafari,Midfielder,New Mexico,Austin Aztex,51,0
2014,Vancouver Whitecaps FC,Mackenzie Pridham,Forward,Cal Poly,None,58,0
2014,Vancouver Whitecaps FC,Michael Calderon,Midfielder,New Mexico,None,64,0
2015,Chicago Fire,Matt Polster,Defender,SIU Edwardsville,Chicago Fire Premier,7,0
2015,Chicago Fire,Kingsley Bryce,Midfielder,Saint Louis,None,28,0
2015,Chicago Fire,Alex Shinsky,Midfielder,Maryland,Baltimore Bohemians,68,0
2015,Colorado Rapids,Axel Sjoberg,Defender,Marquette,Thunder Bay Chill,14,0
2015,Colorado Rapids,Joseph Greenspan,Defender,Navy,None,26,0
2015,Colorado Rapids,Dominique Badji,Forward,Boston,Boston Rams,67,0
2015,Colorado Rapids,Matt Jeffrey,Defender,Monmouth,None,78,0
2015,Colorado Rapids,Brandon Fricke,Defender,Butler,Des Moines Menace,83,0
2015,Columbus Crew SC,Kalen Ryden,Defender,Midwestern,Midland/Odessa Sockers,69,0
2015,Columbus Crew SC,Sergio Campbell,Defender,Connecticut,None,19,0
2015,Columbus Crew SC,Sagi Lev-Ari,Forward,Cal State Northridge,None,35,0
2015,Columbus Crew SC,Robert Kristo,Forward,Saint Louis,None,55,0
2015,Columbus Crew SC,Tomas Gomez,Goalkeeper,Georgetown,Orlando City U-23,60,0
2015,D.C. United,Miguel Aguilar,Forward,San Francisco,Portland Timbers U23s,17,0
2015,D.C. United,Dan Metzger,Midfielder,Maryland,Austin Aztex,42,0
2015,FC Dallas,Otis Earle,Defender,UC Riverside,FC Tucson,15,0
2015,FC Dallas,Will Seymore,Defender,Oregon State,Portland Timbers U23s,56,0
2015,FC Dallas,Janeil Hoilett,Midfielder,FSV Frankfurt,None,76,0
2015,Houston Dynamo,Zach Steinberger,Midfielder,Butler,Michigan Bucks,8,0
2015,Houston Dynamo,Oumar Ballo,Defender,UMBC,Reading United,30,0
2015,Houston Dynamo,Rob Lovejoy,Forward,North Carolina,Carolina Dynamo,36,0
2015,Houston Dynamo,Taylor Hunter,Midfielder,Denver,None,49,0
2015,Los Angeles Galaxy,Ignacio Maganto,Forward,Iona,Reading United,21,0
2015,Los Angeles Galaxy,Daniel Keller,Defender,Louisville,Chicago Fire Premier,62,0
2015,Los Angeles Galaxy,Andrew Wolverton,Goalkeeper,Penn State,IMG Academy Bradenton,82,0
2015,Montreal Impact,Romario Williams,Forward,UCF,Orlando City U-23,3,1
2015,Montreal Impact,Cameron Porter,Forward,Princeton,None,45,0
2015,Montreal Impact,Cameron Iwasa,Forward,UC Irvine,OC Pateadores Blues,65,0
2015,New England Revolution,Marc Fenelus,Forward,Cal State Fullerton,None,47,0
2015,New York City FC,Khiry Shelton,Forward,Oregon State,Lane United FC,2,0
2015,New York City FC,Connor Brandt,Midfielder,San Diego,FC Tucson,23,0
2015,New York City FC,Andre Rawls,Goalkeeper,St. Mary's,None,44,0
2015,New York City FC,Markus Naglestad,Forward,Providence,Connecticut FC Azul,64,0
2015,New York Red Bulls,Leo Stolz,Midfielder,UCLA,None,18,0
2015,New York Red Bulls,Stefano Bonomo,Forward,California,None,39,0
2015,New York Red Bulls,Shawn McLaws,Midfielder,Coastal Carolina,Ocean City Nor'easters,59,0
2015,New York Red Bulls,Manolo Sanchez,Midfielder,Clemson,Reading United,79,0
2015,Orlando City SC,Cyle Larin,Forward,Connecticut,None,1,1
2015,Orlando City SC,Conor Donovan,Defender,North Carolina State,None,22,1
2015,Orlando City SC,Akeil Barrett,Forward,Tulsa,Tulsa Athletics,25,0
2015,Orlando City SC,Earl Edwards,Goalkeeper,UCLA,Seattle Sounders FC U-23,43,0
2015,Orlando City SC,Sidney Rivera,Forward,Old Dominion,None,63,0
2015,Philadelphia Union,Dzenan Catic,Forward,Davenport,Michigan Bucks,31,0
2015,Philadelphia Union,Eric Bird,Midfielder,Virginia,None,41,0
2015,Philadelphia Union,Aaron Simmons,Defender,UCLA,OC Pateadores Blues,51,0
2015,Philadelphia Union,Raymond Lee,Midfielder,Saint Louis,None,71,0
2015,Portland Timbers,Nick Besler,Midfielder,Notre Dame,None,5,0
2015,Portland Timbers,Andy Thoma,Defender,Washington,Washington Crossfire,24,0
2015,Portland Timbers,Christian Volesky,Forward,SIU Edwardsville,FC Tucson,32,0
2015,Portland Timbers,Kharlton Belmar,Forward,VCU,Portland Timbers U23s,34,0
2015,Portland Timbers,Anthony Manning,Defender,Saint Louis,None,52,0
2015,Portland Timbers,Seth Casiple,Midfielder,California,Austin Aztex,84,0
2015,Real Salt Lake,Boyd Okwuonu,Defender,North Carolina,Orlando City U-23,27,0
2015,Real Salt Lake,Jordan Murrell,Defender,Syracuse,K-W United FC,57,0
2015,Real Salt Lake,Lucas Baldin,Midfielder,South Florida,Seattle Sounders FC U-23,77,0
2015,San Jose Earthquakes,Fatai Alashe,Midfielder,Michigan State,Portland Timbers U23s,4,0
2015,San Jose Earthquakes,Keasel Broome,Goalkeeper,Providence,Boston Rams,46,0
2015,San Jose Earthquakes,Chimdum Mez,Forward,Cal State Sacramento,Los Angeles Misioneros,66,0
2015,Seattle Sounders FC,Cristian Roldan,Midfielder,Washington,Washington Crossfire,16,1
2015,Seattle Sounders FC,Tyler Miller,Goalkeeper,Northwestern,None,33,0
2015,Seattle Sounders FC,Oniel Fisher,Midfielder,New Mexico,New York Red Bulls U-23,40,0
2015,Seattle Sounders FC,Andy Craven,Forward,North Carolina,Chicago Fire Premier,48,0
2015,Seattle Sounders FC,Charlie Lyon,Goalkeeper,Marquette,None,75,0
2015,Seattle Sounders FC,Andrew Bevin,Forward,West Virginia,None,80,0
2015,Sporting Kansas City,Connor Hallisey,Midfielder,California,None,10,0
2015,Sporting Kansas City,Saad Abdul-Salaam,Defender,Akron,Portland Timbers U23s,12,0
2015,Sporting Kansas City,Amadou Dia,Defender,Clemson,Real Colorado Foxes,20,0
2015,Sporting Kansas City,James Rogers,Midfielder,New Mexico,Ogden Outlaws,53,0
2015,Sporting Kansas City,Tony Rocha,Defender,Tulsa,Tulsa Athletics,73,0
2015,Toronto FC,Alex Bono,Goalkeeper,Syracuse,Reading United,6,1
2015,Toronto FC,Clement Simonin,Defender,North Carolina State,Seattle Sounders FC U-23,9,0
2015,Toronto FC,Skylar Thomas,Defender,Syracuse,Reading United,11,0
2015,Toronto FC,Wesley Charpie,Defender,South Florida,Reading United,29,0
2015,Toronto FC,Edwin Rivas,Forward,Cal State Northridge,None,37,0
2015,Toronto FC,Mike Ramos,Forward,Whitworth,None,50,0
2015,Toronto FC,Sal Bernal,Forward,UNLV,Las Vegas Mobsters,70,0
2015,Toronto FC,Tyler Engel,Forward,North Carolina,Chicago Fire Premier,81,0
2015,Vancouver Whitecaps FC,Tim Parker,Defender,St. John's,Long Island Roughriders,13,0
2015,Vancouver Whitecaps FC,Kay Banjo,Forward,UMBC,None,38,0
2015,Vancouver Whitecaps FC,Jovan Blagojevic,Forward,Simon Fraser,None,54,0
2015,Vancouver Whitecaps FC,Adam Montague,Midfielder,Michigan State,Michigan Bucks,58,0
2015,Vancouver Whitecaps FC,Spencer Richey,Goalkeeper,Washington,Washington Crossfire,61,0
2015,Vancouver Whitecaps FC,Craig Nitti,Defender,Loyola Marymount,Portland Timbers U23s,72,0
2015,Vancouver Whitecaps FC,Nikola Paunic,Defender,South Florida,K-W United FC,74,0
2016,Chicago Fire,Jack Harrison,Midfielder,Wake Forest,None,1,1
2016,Chicago Fire,Brandon Vincent,Defender,Stanford,Portland Timbers U23s,4,0
2016,Chicago Fire,Jonathan Campbell,Defender,North Carolina,Seattle Sounders U-23,12,0
2016,Chicago Fire,Alex Morrell,Forward,North Florida,None,22,0
2016,Chicago Fire,Vincent Keller,Defender,Creighton,None,57,0
2016,Chicago Fire,Vincent Mitchell,Midfielder,Butler,Des Moines Menace,62,0
2016,Colorado Rapids,Emmanuel Appiah,Midfielder,Cincinnati,GPS Portland Phoenix,15,0
2016,Colorado Rapids,Dennis Castillo,Defender,VCU,Portland Timbers U23s,37,0
2016,Colorado Rapids,Chris Froschauer,Goalkeeper,Ohio State,Dayton Dutch Lions,43,0
2016,Colorado Rapids,Javan Torre,Forward,UCLA,Ventura County Fusion,56,0
2016,Colorado Rapids,Bradley Kamdem,Defender,UNLV,Calgary Foothills FC,58,0
2016,Colorado Rapids,John Manga,Forward,Cincinnati,Ocean City Nor'easters,63,0
2016,Columbus Crew SC,Rodrigo Saravia,Midfielder,Florida Gulf Coast,None,19,0
2016,Columbus Crew SC,Chase Minter,Midfielder,Cal Poly,Ventura County Fusion,21,0
2016,Columbus Crew SC,Kyle Parker,Forward,Charlotte,None,31,0
2016,Columbus Crew SC,Marshall Hollingsworth,Midfielder,Wheaton,None,41,0
2016,Columbus Crew SC,Vince Cicciarelli,Forward,Saint Louis,Des Moines Menace,60,0
2016,D.C. United,Julian Buescher,Midfielder,Syracuse,K-W United FC,11,1
2016,D.C. United,Paul Clowes,Midfielder,Clemson,Orlando City U-23,32,0
2016,D.C. United,Liam Doyle,Defender,Ohio State,None,67,0
2016,D.C. United,PASS,,,,74,0
2016,D.C. United,PASS,,,,79,0
2016,FC Dallas,Ryan Herman,Goalkeeper,Washington,Seattle Sounders U-23,17,0
2016,FC Dallas,Timo Pitter,Midfielder,Creighton,None,33,0
2016,FC Dallas,Colin Bonner,Forward,North Carolina,D.C. United U-23,45,0
2016,FC Dallas,Jacob Speed,Defender,SMU,Des Moines Menace,78,0
2016,Houston Dynamo,Ivan Magalhaes,Defender,Maryland,None,26,0
2016,Houston Dynamo,TJ Casner,Forward,Clemson,None,47,0
2016,Los Angeles Galaxy,Josh Turnley,Defender,Georgetown,D.C. United U-23,42,0
2016,Los Angeles Galaxy,PASS,,,,53,0
2016,Los Angeles Galaxy,PASS,,,,73,0
2016,Montreal Impact,Kyle Fisher,Defender,Clemson,Portland Timbers U23s,14,0
2016,Montreal Impact,Michael Salazar,Forward,UC Riverside,OC Blues U-23,24,0
2016,Montreal Impact,Eric Verso,Midfielder,Stanford,None,34,0
2016,Montreal Impact,Keegan Smith,Forward,San Diego,Temecula FC,39,0
2016,Montreal Impact,Brendan Hines-Ike,Defender,South Florida,Ocean City Nor'easters,55,0
2016,Montreal Impact,PASS,,,,75,0
2016,New England Revolution,Jordan McCrary,Defender,North Carolina,Carolina Dynamo,10,0
2016,New England Revolution,Michael Gamble,Forward,Wake Forest,Baltimore Bohemians,30,0
2016,New England Revolution,Femi Hollinger-Janzen,Forward,Indiana,None,51,0
2016,New York Red Bulls,Justin Bilyeu,Defender,Southern Illinois Univ. Edwardsville,FC Tucson,18,0
2016,New York Red Bulls,Zach Carroll,Defender,Michigan State,Michigan Bucks,38,0
2016,Orlando City SC,Richie Laryea,Midfielder,Akron,None,7,1
2016,Orlando City SC,Hadji Barry,Forward,UCF,Orlando City U-23,13,0
2016,Orlando City SC,Antonio Matarazzo,Midfielder,Columbia,New York Red Bulls U-23,48,0
2016,Orlando City SC,Tobenna Uzo,Forward,Coastal Carolina,None,68,0
2016,Philadelphia Union,Joshua Yaro,Defender,Georgetown,Baltimore Bohemians,2,1
2016,Philadelphia Union,Keegan Rosenberry,Defender,Georgetown,Reading United AC,3,0
2016,Philadelphia Union,Fabian Herbers,Midfielder,Creighton,None,6,1
2016,Philadelphia Union,Taylor Washington,Defender,George Mason,D.C. United U-23,23,0
2016,Philadelphia Union,Mitchell Lurie,Defender,Rutgers,Ocean City Nor'easters,44,0
2016,Philadelphia Union,Cole Missimo,Midfielder,Northwestern,None,64,0
2016,Portland Timbers,Ben Polk,Forward,Syracuse,K-W United FC,20,0
2016,Portland Timbers,Neco Brett,Forward,Robert Morris,Reading United AC,40,0
2016,Portland Timbers,Wade Hamilton,Goalkeeper,Cal Poly,Lane United FC,61,0
2016,Portland Timbers,Trevor Morley,Defender,CSU Northridge,FC Tucson,81,0
2016,Real Salt Lake,Omar Holness,Midfielder,North Carolina,Portland Timbers U23s,5,1
2016,Real Salt Lake,Max Lachowecki,Defender,Notre Dame,None,25,0
2016,Real Salt Lake,Amass Amankona,Midfielder,Dayton,Charlotte Eagles,46,0
2016,Real Salt Lake,Connor Sparrow,Goalkeeper,Creighton,IMG Academy Bradenton,65,0
2016,Real Salt Lake,PASS,,,,66,0
2016,San Jose Earthquakes,Andrew Tarbell,Goalkeeper,Clemson,New Orleans Jesters,8,1
2016,San Jose Earthquakes,Patrick Hodan,Midfielder,Notre Dame,None,28,0
2016,San Jose Earthquakes,Kip Colvey,Defender,Cal Poly,Ventura County Fusion,49,0
2016,San Jose Earthquakes,Tyler Thompson,Midfielder,Stanford,Burlingame Dragons FC,69,0
2016,Seattle Sounders FC,Tony Alfaro,Defender,Cal State Dominguez Hills,Ventura County Fusion,27,0
2016,Seattle Sounders FC,Zach Mathers,Midfielder,Duke,OC Blues U-23,35,0
2016,Seattle Sounders FC,Emir Alihodzic,Midfielder,Nebraska-Omaha,Mississippi Brilla,54,0
2016,Seattle Sounders FC,Michael Nelson,Defender,Old Dominion,None,76,0
2016,Sporting Kansas City,Ryan James,Midfielder,Bowling Green,TFC Academy,52,0
2016,Sporting Kansas City,Faik Hajderovic,Midfielder,Saint Louis,None,72,0
2016,Toronto FC,Tsubasa Endoh,Forward,Maryland,None,9,0
2016,Toronto FC,Mitchell Taintor,Midfielder,Rutgers,Real Boston Rams,59,0
2016,Toronto FC,Darius Madison,Forward,UMBC,Reading United AC,70,0
2016,Toronto FC,Brian James,Midfielder,Penn State,None,80,0
2016,Vancouver Whitecaps FC,Cole Seiler,Defender,Georgetown,Baltimore Bohemians,16,0
2016,Vancouver Whitecaps FC,Christopher Hellmann,Forward,Lynn,Des Moines Menace,29,0
2016,Vancouver Whitecaps FC,Thomas Sanner,Forward,Princeton,Reading United AC,36,0
2016,Vancouver Whitecaps FC,James Moberg,Midfielder,Washington,Portland Timbers U23s,50,0
2016,Vancouver Whitecaps FC,Josh Heard,Midfielder,Washington,Puget Sound Gunners FC,71,0
2016,Vancouver Whitecaps FC,Tyler David,Defender,Saint Louis,None,77,0
2017,Atlanta United FC,Miles Robinson,Defender,Syracuse,FC Boston,2,1
2017,Atlanta United FC,Julian Gressel,Midfielder,Providence,None,8,0
2017,Chicago Fire,Daniel Johnson,Midfielder,Louisville,Portland Timbers U23s,11,0
2017,Chicago Fire,Stefan Cleveland,Goalkeeper,Louisville,Dayton Dutch Lions,26,0
2017,Chicago Fire,Guillermo Delgado,Forward,Delaware,Seattle Sounders U-23,27,0
2017,Colorado Rapids,Sam Hamilton,Midfielder,Denver,None,15,0
2017,Colorado Rapids,Liam Callahan,Defender,Syracuse,K-W United,24,0
2017,Columbus Crew SC,Lalas Abubakar,Defender,Dayton,Michigan Bucks,5,0
2017,Columbus Crew SC,Niko Hansen,Forward,New Mexico,Seattle Sounders U-23,9,0
2017,D.C. United,Chris Odoi-Atsem,Defender,Maryland,None,12,0
2017,D.C. United,Eric Klenofsky,Goalkeeper,Monmouth,New York Red Bulls U-23,34,0
2017,D.C. United,Jo Vetle Rimstad,Defender,Radford,None,43,0
2017,FC Dallas,Jacori Hayes,Midfielder,Wake Forest,Portland Timbers U23s,18,0
2017,FC Dallas,Walker Hume,Defender,North Carolina,Portland Timbers U23s,37,0
2017,FC Dallas,Adonijah Reid,Forward,None,ANB Futbol,40,1
2017,Houston Dynamo,Joe Holland,Midfielder,Hofstra,Ventura County Fusion,10,0
2017,Houston Dynamo,Jake McGuire,Goalkeeper,Tulsa,Portland Timbers U23s,30,0
2017,Houston Dynamo,Danilo Radjen,Defender,Akron,West Virginia Chaos,36,0
2017,Minnesota United FC,Abu Danladi,Forward,UCLA,Ventura County Fusion,1,1
2017,Minnesota United FC,Alec Ferrell,Goalkeeper,Wake Forest,Carolina Dynamo,23,0
2017,Minnesota United FC,Thomas de Villardi,Defender,Delaware,New York Red Bulls U-23,42,0
2017,Montreal Impact,Nick DePuy,Forward,UC Santa Barbara,Ventura County Fusion,19,0
2017,Montreal Impact,Shamit Shome,Midfielder,FC Edmonton,None,41,1
2017,New England Revolution,Brian Wright,Forward,Vermont,Burlingame Dragons,20,0
2017,New England Revolution,Napo Matsoso,Midfielder,Kentucky,Derby City Rovers,31,0
2017,New York City FC,Jonathan Lewis,Forward,Akron,None,3,1
2017,New York City FC,Kwame Awuah,Midfielder,Connecticut,None,16,0
2017,New York City FC,Jalen Brown,Forward,Xavier,Des Moines Menace,38,0
2017,New York Red Bulls,Zeiko Lewis,Midfielder,Boston College,Real Boston Rams,17,0
2017,New York Red Bulls,Ethan Kutler,Forward,Colgate,Michigan Bucks,39,0
2017,Philadelphia Union,Marcus Epps,Forward,South Florida,Chicago Fire U-23,25,0
2017,Philadelphia Union,Aaron Jones,Defender,Clemson,Carolina Dynamo,33,0
2017,Portland Timbers,Jeremy Ebobisse,Forward,Duke,D.C. United U-23,4,0
2017,Portland Timbers,Michael Amick,Defender,UCLA,FC Golden State Force,32,0
2017,Real Salt Lake,Reagan Dunk,Defender,Denver,None,13,0
2017,Real Salt Lake,Justin Schmidt,Defender,Washington,Washington Crossfire,35,0
2017,San Jose Earthquakes,Jackson Yueill,Midfielder,UCLA,None,6,1
2017,San Jose Earthquakes,Lindo Mfeka,Midfielder,South Florida,Reading United,28,0
2017,Seattle Sounders FC,Brian Nana-Sinkam,Defender,Stanford,Burlingame Dragons,22,0
2017,Seattle Sounders FC,Dominic Oduro,Defender,FC Nordsjaelland,None,44,0
2017,Sporting Kansas City,Colton Storm,Defender,North Carolina,Portland Timbers U23s,14,0
2017,Toronto FC,Brandon Aubrey,Defender,Notre Dame,None,21,0
2017,Vancouver Whitecaps FC,Jakob Nerwinski,Defender,Connecticut,None,7,0
2017,Vancouver Whitecaps FC,Francis de Vries,Defender,St. Francis,Michigan Bucks,29,0
2017,Colorado Rapids,Jaime Siaj,F,Pfeiffer,Charlotte Eagles,45,0
2017,Atlanta United FC,Andrew Wheeler-Omiunu,M,Harvard,Seattle Sounders FC U-23,46,0
2017,Chicago Fire,Brandt Bronico,M,Charlotte,Carolina Dynamo,47,0
2017,Real Salt Lake,Andrew Putna,GK,UIC,Chicago Fire U-23,48,0
2017,Columbus Crew SC,Connor Maloney,D,Penn State,Reading United,49,0
2017,San Jose Earthquakes,Christian Thierjung,F,California,Burlingame Dragons,50,0
2017,Vancouver Whitecaps FC,Jorge Gomez Sanchez,M,Temple,None,51,0
2017,Toronto FC,Robert Moewes,GK,Duke,IMG Academy Bradenton,52,0
2017,FC Dallas,Austin Ledbetter,D,SIU Edwardsville,Des Moines Menace,53,0
2017,New York City FC,Chris Wingate,M,New Hampshire,Seattle Sounders U-23,54,0
2017,Philadelphia Union,Chris Nanco,F,Syracuse,Sigma FC,55,0
2017,Seattle Sounders FC,Doug Goodman,M,Georgetown,IMG Academy Bradenton,56,0
2017,Real Salt Lake,PASS,,,None,57,0
2017,Sporting Kansas City,David Greczek,GK,Rutgers,Jersey Express,58,0
2017,FC Dallas,Dakota Barnathan,M,VCU,Portland Timbers U23s,59,0
2017,New York City FC,Michael DeGraffenriedt,D,Louisville,Baltimore Bohemians,60,0
2017,New York Red Bulls,Jordan Scarlett,D,Iona,Lehigh Valley United,61,0
2017,FC Dallas,Wuilito Fernandes,F,UMass Lowell,None,62,0
2017,Montreal Impact,PASS,,,,63,0
2017,Orlando City SC,Danny Deakin,M,South Carolina,Detroit City FC,64,0
2017,Toronto FC,Oyvind Alseth,M,Syracuse,K-W United,65,0
2017,Seattle Sounders FC,Jake Stovall,D,Wright State,Cincinnati Dutch Lions,66,0
2017,Minnesota United FC,Tanner Thompson,M,Indiana,None,67,0
2017,Atlanta United FC,Alex Kapp,GK,Creighton,None,68,0
2017,Chicago Fire,Matej Dekovic,D,Charlotte,None,69,0
2017,Houston Dynamo,Robby Sagel,D,Penn State,Reading United,70,0
2017,Columbus Crew SC,Logan Ketterer,GK,Bradley,Ocean City Nor'easters,71,0
2017,San Jose Earthquakes,Auden Schilder,GK,Washington,Washington Crossfire,72,0
2017,Vancouver Whitecaps FC,Nazeem Bartman,F,South Florida,Michigan Bucks,73,0
2017,Real Salt Lake,PASS,,,,74,0
2017,New England Revolution,Joshua Smith,D,San Francisco,Burlingame Dragons,75,0
2017,Portland Timbers,Russell Cicerone,M,Buffalo,Michigan Bucks,76,0
2017,Philadelphia Union,Jack Elliott,D,West Virginia,South Florida Surf,77,0
2017,D.C. United,PASS,,,,78,0
2017,Real Salt Lake,PASS,,,,79,0
2017,Portland Timbers,Romilio Hernandez,M,Louisville,Portland Timbers U23s,80,0
2017,Los Angeles Galaxy,PASS,,,,81,0
2017,Philadelphia Union,Santi Moar,F,Pfeiffer,Charlotte Eagles,82,0
2017,Toronto FC,Lars Eckenrode,D,Michigan,D.C. United U-23,83,0
2017,FC Dallas,Marco Carrizales,M,Furman,None,84,0
2017,Montreal Impact,PASS,,,,85,0
2017,Colorado Rapids,Peguy Ngatcha,F,Wright State,None,86,0
2017,Toronto FC,Juan Pablo Saavedra,D,Virginia Tech,None,87,0
2017,Seattle Sounders FC,Kyle Bjornethun,D,Seattle,Seattle Sounders FC U-23,88,0
2012,Montreal Impact,Evan James,F,UNC Charlotte,Hamilton Rage,39,0
2012,Vancouver Whitecaps FC,Gienir Garcia,D,None,Cruz Azul,40,0
2012,New England Revolution,Dawyne Smith,F,Bethel,Reading United,41,0
2012,Toronto FC,Michael Green,M,New Mexico,None,42,0
2012,Chivas USA,R. J. Allen,D,Monmouth,Central Jersey Spartans,43,0
2012,Real Salt Lake,Andy Rose,M,UCLA,Ventura County Fusion,44,0
2012,Houston Dynamo,Brian Ownby,F,Virginia,Reading United,45,0
2012,Portland Timbers,Ryan Kawulok,M,Portland,Portland Timbers U23,46,0
2012,Chicago Fire,Evans Frimpong,F,Delaware,Reading United,47,0
2012,Columbus Crew SC,Kirk Urso,M,North Carolina,Reading United,48,0
2012,FC Dallas,Alex Lee,D,Maryland,Real Maryland Monarchs,49,0
2012,Houston Dynamo,Karo Okiomah,F,High Point,Carolina Dynamo,50,0
2012,Philadelphia Union,Tom Brandt,D,Pennsylvania,None,51,0
2012,Toronto FC,Nickardo Blake,D,Connecticut,None,52,0
2012,Chicago Fire,Carl Woszczynski,GK,UAB,Atlanta Blackhakws,53,0
2012,Sporting Kansas City,Shawn Singh,D,UCLA,Ventura County Fusion,54,0
2012,Real Salt Lake,Emiliano Bonfigli,F,None,Manta FC,55,0
2012,Houston Dynamo,Eder Arreola,M,UCLA,Orange County Blues,56,0
2012,Los Angeles Galaxy,Bryan Gaul,M,Bradley,GPS Portland Phoenix,57,0
2012,Montreal Impact,Aaron Schoenfeld,F,East Tennessee State,GPS Portland Phoenix,58,0
2012,Vancouver Whitecaps FC,Greg Klazura,D,Notre Dame,Indiana Invaders,59,0
2012,New England Revolution,Alec Purdie,M,Indiana,None,60,0
2012,Toronto FC,Mykell Bates,D,Santa Clara,None,61,0
2012,Chivas USA,Brian Rowe,GK,UCLA,Ventura County Fusion,62,0
2012,San Jose Earthquakes,Cesar Diaz Pizarro,F,UC Riverside,,63,0
2012,D.C. United,Lance Rozeboom,M,New Mexico,Des Moines Menace,64,0
2012,Portland Timbers,Miguel Ibarra,M,UC Irvine,Orange County Blues,65,0
2012,Chivas USA,Daniel Steres,D,San Diego State,Ventura County Fusion,66,0
2012,Columbus Crew SC,Jamie Finch,D,Washington,Washington Crossfire,67,0
2012,Chivas USA,Fabian Kling,D,Fort Lewis,None,68,0
2012,New York Red Bulls,Mike Volk,D,Virginia,None,69,0
2012,Philadelphia Union,Krystian Witkowski,F,Marist,FC Buffalo,70,0
2012,Seattle Sounders FC,Tim Pontius,D,UC Santa Barbara,None,71,0
2012,Seattle Sounders FC,Jason Banton,F,None,Leicester City,72,0
2012,Sporting Kansas City,Pablo Punyed,M,St. John's,None,73,0
2012,Real Salt Lake,Oliver Kupe,F,Northwestern,None,74,0
2012,Chivas USA,Kevin Venegas,M,Cal State Fullerton,None,75,0
2012,Los Angeles Galaxy,Rafael Garcia,D,Cal State Northridge,FC Hasental,76,0
